userid,Average Screen Time,Average Spent on App (INR),Last Visited Minutes,Anomaly
1001,17.0,634.0,2990,Normal
1002,0.0,54.0,24008,Anomaly
1003,37.0,207.0,971,Normal
1004,32.0,445.0,799,Normal
1005,45.0,427.0,3668,Normal
1006,28.0,599.0,2878,Normal
1007,49.0,887.0,4481,Anomaly
1008,8.0,31.0,1715,Normal
1009,28.0,741.0,801,Normal
1010,28.0,524.0,4621,Normal
1011,44.0,688.0,1293,Normal
1012,24.0,466.0,4214,Normal
1013,1.0,49.0,9008,Normal
1014,41.0,845.0,3107,Normal
1015,32.0,251.0,2595,Normal
1016,11.0,169.0,577,Normal
1017,38.0,776.0,2965,Normal
1018,34.0,341.0,3124,Normal
1019,21.0,250.0,3460,Normal
1020,18.0,967.0,1925,Normal
1021,15.0,774.0,631,Normal
1022,34.0,482.0,4057,Normal
1023,11.0,645.0,2946,Normal
1024,26.0,688.0,4702,Normal
1025,34.0,400.0,4189,Normal
1026,48.0,73.0,2894,Normal
1027,33.0,460.0,1049,Normal
1028,49.0,848.0,419,Anomaly
1029,9.0,46.0,3273,Normal
1030,47.0,195.0,4060,Normal
1031,34.0,114.0,1148,Normal
1032,30.0,976.0,4784,Normal
1033,35.0,932.0,2808,Normal
1034,12.0,243.0,2920,Normal
1035,12.0,222.0,4096,Normal
1036,22.0,410.0,767,Normal
1037,3.0,70.0,3650,Normal
1038,0.0,96.0,4107,Normal
1039,1.0,97.0,37959,Anomaly
1040,40.0,207.0,2425,Normal
1041,41.0,519.0,3511,Normal
1042,21.0,621.0,3471,Normal
1043,12.0,461.0,2571,Normal
1044,4.0,93.0,49334,Anomaly
1045,17.0,800.0,520,Normal
1046,43.0,125.0,1553,Normal
1047,3.0,34.0,39016,Anomaly
1048,50.0,405.0,4478,Normal
1049,19.0,654.0,1197,Normal
1050,44.0,908.0,3489,Normal
1051,25.0,875.0,644,Normal
1052,37.0,519.0,3408,Normal
1053,15.0,260.0,1353,Normal
1054,42.0,911.0,1356,Normal
1055,42.0,214.0,3575,Normal
1056,15.0,771.0,3339,Normal
1057,45.0,726.0,2587,Normal
1058,25.0,110.0,4704,Normal
1059,34.0,196.0,3410,Normal
1060,37.0,157.0,4131,Normal
1061,32.0,912.0,873,Normal
1062,5.0,67.0,30435,Anomaly
1063,49.0,889.0,4991,Anomaly
1064,20.0,512.0,3847,Normal
1065,5.0,26.0,40868,Anomaly
1066,49.0,202.0,1759,Normal
1067,32.0,234.0,2126,Normal
1068,37.0,966.0,794,Normal
1069,0.0,48.0,26405,Anomaly
1070,8.0,98.0,2483,Normal
1071,49.0,723.0,1847,Normal
1072,43.0,738.0,4962,Normal
1073,39.0,528.0,4237,Normal
1074,35.0,881.0,1290,Normal
1075,9.0,90.0,453,Normal
1076,50.0,360.0,479,Anomaly
1077,40.0,811.0,4574,Normal
1078,46.0,398.0,4302,Normal
1079,41.0,384.0,4513,Normal
1080,11.0,974.0,4076,Anomaly
1081,22.0,222.0,4913,Normal
1082,18.0,990.0,3660,Normal
1083,39.0,266.0,550,Normal
1084,32.0,919.0,1477,Normal
1085,44.0,976.0,1710,Normal
1086,12.0,436.0,1070,Normal
1087,1.0,94.0,42101,Anomaly
1088,46.0,320.0,1757,Normal
1089,6.0,17.0,893,Normal
1090,48.0,552.0,2273,Normal
1091,6.0,61.0,3506,Normal
1092,18.0,242.0,517,Normal
1093,15.0,543.0,4258,Normal
1094,1.0,8.0,33465,Anomaly
1095,23.0,448.0,3292,Normal
1096,24.0,252.0,353,Normal
1097,0.0,66.0,4370,Normal
1098,10.0,42.0,3800,Normal
1099,45.0,940.0,2961,Normal
1100,3.0,75.0,41859,Anomaly
1101,48.0,528.0,2836,Normal
1102,1.0,52.0,6836,Normal
1103,47.0,830.0,4354,Normal
1104,21.0,559.0,670,Normal
1105,9.0,74.0,2449,Normal
1106,17.0,804.0,1806,Normal
1107,25.0,733.0,4806,Normal
1108,45.0,663.0,1481,Normal
1109,30.0,763.0,3872,Normal
1110,0.0,23.0,22915,Anomaly
1111,11.0,67.0,1829,Normal
1112,15.0,115.0,2148,Normal
1113,14.0,853.0,2754,Normal
1114,17.0,379.0,727,Normal
1115,5.0,20.0,13331,Normal
1116,26.0,629.0,3982,Normal
1117,12.0,508.0,3589,Normal
1118,14.0,462.0,229,Normal
1119,4.0,93.0,4598,Normal
1120,41.0,204.0,3545,Normal
1121,31.0,293.0,2905,Normal
1122,9.0,31.0,1096,Normal
1123,3.0,44.0,28046,Anomaly
1124,19.0,354.0,3008,Normal
1125,16.0,971.0,1011,Normal
1126,11.0,255.0,2592,Normal
1127,19.0,294.0,1515,Normal
1128,21.0,682.0,2356,Normal
1129,38.0,601.0,4027,Normal
1130,30.0,59.0,2147,Normal
1131,27.0,627.0,3234,Normal
1132,29.0,73.0,432,Normal
1133,7.0,5.0,2739,Normal
1134,33.0,500.0,963,Normal
1135,16.0,364.0,1363,Normal
1136,15.0,464.0,1992,Normal
1137,10.0,10.0,3452,Normal
1138,29.0,87.0,2308,Normal
1139,1.0,13.0,12629,Anomaly
1140,19.0,570.0,3105,Normal
1141,44.0,667.0,2276,Normal
1142,6.0,96.0,1742,Normal
1143,33.0,485.0,721,Normal
1144,39.0,740.0,3309,Normal
1145,9.0,27.0,823,Normal
1146,25.0,549.0,3312,Normal
1147,2.0,42.0,40603,Anomaly
1148,40.0,219.0,1178,Normal
1149,43.0,550.0,4270,Normal
1150,16.0,861.0,3428,Normal
1151,1.0,95.0,31724,Anomaly
1152,35.0,991.0,1547,Normal
1153,43.0,722.0,3163,Normal
1154,24.0,84.0,835,Normal
1155,7.0,12.0,4848,Normal
1156,17.0,153.0,4795,Normal
1157,49.0,90.0,2041,Normal
1158,17.0,799.0,3900,Normal
1159,3.0,83.0,25789,Anomaly
1160,14.0,938.0,1261,Normal
1161,24.0,582.0,253,Normal
1162,41.0,96.0,3385,Normal
1163,44.0,431.0,2008,Normal
1164,14.0,402.0,3529,Normal
1165,22.0,629.0,360,Normal
1166,29.0,91.0,3241,Normal
1167,44.0,674.0,4975,Normal
1168,23.0,901.0,684,Normal
1169,14.0,196.0,2905,Normal
1170,46.0,151.0,2354,Normal
1171,37.0,564.0,4004,Normal
1172,33.0,493.0,2221,Normal
1173,12.0,71.0,3853,Normal
1174,3.0,46.0,24048,Normal
1175,40.0,266.0,3559,Normal
1176,29.0,838.0,3737,Normal
1177,14.0,135.0,2687,Normal
1178,31.0,72.0,4566,Normal
1179,50.0,839.0,2351,Anomaly
1180,9.0,12.0,4818,Normal
1181,3.0,100.0,29465,Anomaly
1182,4.0,37.0,43650,Anomaly
1183,44.0,867.0,4299,Normal
1184,4.0,51.0,38744,Anomaly
1185,45.0,375.0,873,Normal
1186,42.0,798.0,4624,Normal
1187,40.0,696.0,592,Normal
1188,35.0,894.0,1425,Normal
1189,17.0,522.0,437,Normal
1190,5.0,46.0,1791,Normal
1191,19.0,661.0,2640,Normal
1192,47.0,750.0,553,Normal
1193,20.0,101.0,1194,Normal
1194,13.0,73.0,1185,Normal
1195,13.0,316.0,1267,Normal
1196,30.0,482.0,617,Normal
1197,46.0,747.0,1751,Normal
1198,7.0,36.0,3735,Normal
1199,1.0,92.0,19379,Anomaly
1200,48.0,634.0,4059,Normal
1201,29.0,990.0,1340,Normal
1202,18.0,212.0,4078,Normal
1203,8.0,33.0,2979,Normal
1204,37.0,987.0,1393,Normal
1205,28.0,892.0,1136,Normal
1206,25.0,489.0,2437,Normal
1207,2.0,69.0,15053,Normal
1208,14.0,279.0,1306,Normal
1209,50.0,882.0,203,Anomaly
1210,29.0,721.0,4378,Normal
1211,31.0,674.0,3225,Normal
1212,24.0,809.0,2020,Normal
1213,0.0,93.0,38821,Anomaly
1214,17.0,296.0,2263,Normal
1215,9.0,94.0,2608,Normal
1216,15.0,372.0,3642,Normal
1217,32.0,164.0,622,Normal
1218,14.0,146.0,769,Normal
1219,41.0,672.0,3850,Normal
1220,1.0,16.0,49715,Anomaly
1221,15.0,205.0,3549,Normal
1222,26.0,150.0,3150,Normal
1223,12.0,836.0,1746,Normal
1224,18.0,701.0,2530,Normal
1225,14.0,616.0,2984,Normal
1226,11.0,378.0,3909,Normal
1227,35.0,998.0,2805,Normal
1228,3.0,10.0,23311,Anomaly
1229,48.0,298.0,622,Normal
1230,24.0,344.0,1872,Normal
1231,32.0,496.0,3815,Normal
1232,43.0,399.0,407,Normal
1233,21.0,520.0,674,Normal
1234,7.0,19.0,4092,Normal
1235,5.0,0.0,1713,Normal
1236,32.0,491.0,4452,Normal
1237,50.0,974.0,3002,Anomaly
1238,19.0,865.0,2849,Normal
1239,14.0,662.0,1014,Normal
1240,41.0,250.0,2119,Normal
1241,26.0,485.0,3937,Normal
1242,15.0,506.0,3981,Normal
1243,37.0,534.0,413,Normal
1244,14.0,603.0,1559,Normal
1245,31.0,817.0,1072,Normal
1246,40.0,300.0,4896,Normal
1247,39.0,595.0,1254,Normal
1248,26.0,936.0,2373,Normal
1249,24.0,488.0,4692,Normal
1250,33.0,242.0,3265,Normal
1251,10.0,31.0,859,Normal
1252,24.0,392.0,1818,Normal
1253,33.0,333.0,3839,Normal
1254,18.0,328.0,242,Normal
1255,20.0,828.0,2268,Normal
1256,31.0,839.0,1027,Normal
1257,4.0,17.0,24656,Anomaly
1258,49.0,188.0,1008,Normal
1259,39.0,405.0,1523,Normal
1260,24.0,634.0,3562,Normal
1261,25.0,715.0,2310,Normal
1262,21.0,598.0,4136,Normal
1263,36.0,755.0,1391,Normal
1264,32.0,138.0,2432,Normal
1265,3.0,77.0,18701,Normal
1266,23.0,310.0,991,Normal
1267,25.0,477.0,3295,Normal
1268,4.0,91.0,36469,Anomaly
1269,15.0,252.0,1324,Normal
1270,26.0,385.0,4941,Normal
1271,35.0,217.0,2463,Normal
1272,14.0,81.0,4230,Normal
1273,43.0,429.0,2769,Normal
1274,16.0,254.0,1754,Normal
1275,9.0,80.0,1828,Normal
1276,15.0,361.0,4539,Normal
1277,7.0,8.0,3001,Normal
1278,12.0,863.0,4269,Normal
1279,36.0,270.0,1728,Normal
1280,18.0,813.0,1459,Normal
1281,14.0,826.0,1776,Normal
1282,24.0,511.0,2284,Normal
1283,8.0,9.0,2119,Normal
1284,28.0,860.0,2833,Normal
1285,30.0,226.0,3766,Normal
1286,46.0,135.0,1042,Normal
1287,30.0,416.0,2998,Normal
1288,30.0,463.0,4154,Normal
1289,49.0,877.0,873,Anomaly
1290,17.0,360.0,2641,Normal
1291,32.0,830.0,3919,Normal
1292,0.0,32.0,21352,Anomaly
1293,22.0,909.0,942,Normal
1294,42.0,63.0,220,Anomaly
1295,36.0,300.0,3144,Normal
1296,34.0,285.0,673,Normal
1297,37.0,837.0,4166,Normal
1298,23.0,320.0,4058,Normal
1299,31.0,621.0,479,Normal
1300,14.0,152.0,1769,Normal
1301,26.0,486.0,1256,Normal
1302,19.0,401.0,3299,Normal
1303,5.0,79.0,5099,Normal
1304,0.0,95.0,17126,Anomaly
1305,33.0,778.0,1526,Normal
1306,11.0,923.0,4629,Anomaly
1307,4.0,38.0,5843,Normal
1308,31.0,95.0,272,Normal
1309,33.0,990.0,828,Normal
1310,49.0,679.0,1312,Normal
1311,33.0,617.0,3933,Normal
1312,22.0,994.0,4074,Normal
1313,25.0,519.0,4906,Normal
1314,9.0,25.0,2294,Normal
1315,17.0,396.0,4180,Normal
1316,47.0,226.0,3556,Normal
1317,18.0,993.0,3438,Normal
1318,44.0,107.0,1845,Normal
1319,40.0,869.0,4340,Normal
1320,23.0,60.0,614,Normal
1321,25.0,749.0,3127,Normal
1322,25.0,863.0,3663,Normal
1323,24.0,158.0,4578,Normal
1324,39.0,424.0,931,Normal
1325,25.0,984.0,1008,Normal
1326,6.0,20.0,2780,Normal
1327,42.0,988.0,1976,Normal
1328,2.0,39.0,45339,Anomaly
1329,46.0,560.0,4557,Normal
1330,36.0,721.0,4769,Normal
1331,21.0,261.0,450,Normal
1332,0.0,100.0,13777,Anomaly
1333,29.0,492.0,4684,Normal
1334,11.0,222.0,4297,Normal
1335,17.0,788.0,4344,Normal
1336,1.0,31.0,47187,Anomaly
1337,37.0,175.0,2190,Normal
1338,35.0,198.0,2290,Normal
1339,15.0,481.0,542,Normal
1340,18.0,863.0,1764,Normal
1341,49.0,580.0,4885,Anomaly
1342,24.0,216.0,3049,Normal
1343,12.0,69.0,2628,Normal
1344,15.0,807.0,4024,Normal
1345,26.0,739.0,4155,Normal
1346,27.0,704.0,3756,Normal
1347,24.0,357.0,640,Normal
1348,39.0,614.0,3173,Normal
1349,6.0,87.0,3890,Normal
1350,33.0,559.0,4818,Normal
1351,43.0,660.0,252,Normal
1352,49.0,623.0,4047,Normal
1353,5.0,93.0,49696,Anomaly
1354,44.0,350.0,1642,Normal
1355,0.0,42.0,22099,Anomaly
1356,35.0,936.0,4705,Normal
1357,5.0,47.0,16523,Normal
1358,1.0,28.0,19278,Anomaly
1359,34.0,841.0,1115,Normal
1360,32.0,89.0,2953,Normal
1361,43.0,833.0,4551,Normal
1362,32.0,763.0,2295,Normal
1363,16.0,68.0,426,Normal
1364,45.0,330.0,1022,Normal
1365,25.0,159.0,4502,Normal
1366,24.0,340.0,2555,Normal
1367,46.0,832.0,577,Normal
1368,28.0,992.0,2163,Normal
1369,30.0,849.0,714,Normal
1370,26.0,742.0,4988,Normal
1371,8.0,73.0,3300,Normal
1372,33.0,190.0,789,Normal
1373,35.0,928.0,862,Normal
1374,12.0,718.0,1744,Normal
1375,49.0,238.0,4270,Normal
1376,34.0,736.0,4581,Normal
1377,20.0,992.0,2166,Normal
1378,18.0,165.0,430,Normal
1379,4.0,25.0,39153,Anomaly
1380,7.0,75.0,697,Normal
1381,14.0,326.0,1944,Normal
1382,41.0,173.0,4647,Normal
1383,11.0,930.0,4989,Anomaly
1384,15.0,349.0,2546,Normal
1385,41.0,152.0,4526,Normal
1386,22.0,719.0,1658,Normal
1387,21.0,597.0,2828,Normal
1388,18.0,286.0,400,Normal
1389,35.0,754.0,1790,Normal
1390,34.0,88.0,2901,Normal
1391,4.0,50.0,27125,Anomaly
1392,16.0,768.0,2942,Normal
1393,18.0,158.0,2768,Normal
1394,19.0,729.0,1414,Normal
1395,0.0,97.0,37826,Anomaly
1396,3.0,37.0,6641,Normal
1397,30.0,900.0,4080,Normal
1398,13.0,188.0,1791,Normal
1399,2.0,89.0,6207,Normal
1400,50.0,70.0,3670,Anomaly
1401,13.0,536.0,4247,Normal
1402,50.0,609.0,935,Normal
1403,23.0,796.0,2983,Normal
1404,34.0,95.0,969,Normal
1405,36.0,871.0,3179,Normal
1406,4.0,58.0,32302,Anomaly
1407,7.0,10.0,1857,Normal
1408,41.0,733.0,4911,Normal
1409,34.0,608.0,2865,Normal
1410,20.0,506.0,1883,Normal
1411,31.0,977.0,1135,Normal
1412,35.0,761.0,1949,Normal
1413,41.0,708.0,680,Normal
1414,37.0,534.0,395,Normal
1415,8.0,71.0,4244,Normal
1416,2.0,9.0,5048,Normal
1417,8.0,4.0,967,Normal
1418,12.0,502.0,3111,Normal
1419,22.0,614.0,4067,Normal
1420,20.0,473.0,4950,Normal
1421,10.0,67.0,586,Normal
1422,40.0,254.0,1586,Normal
1423,18.0,558.0,2716,Normal
1424,31.0,513.0,2310,Normal
1425,39.0,80.0,3519,Normal
1426,44.0,621.0,2005,Normal
1427,34.0,902.0,572,Normal
1428,50.0,411.0,857,Anomaly
1429,9.0,63.0,4324,Normal
1430,13.0,889.0,3279,Normal
1431,40.0,347.0,2006,Normal
1432,44.0,546.0,222,Normal
1433,17.0,810.0,1541,Normal
1434,29.0,68.0,1316,Normal
1435,33.0,783.0,4893,Normal
1436,7.0,9.0,4060,Normal
1437,36.0,603.0,3949,Normal
1438,17.0,633.0,3840,Normal
1439,5.0,15.0,37453,Anomaly
1440,10.0,65.0,2102,Normal
1441,30.0,481.0,1376,Normal
1442,29.0,93.0,4389,Normal
1443,29.0,568.0,2123,Normal
1444,33.0,423.0,3737,Normal
1445,47.0,319.0,1902,Normal
1446,35.0,434.0,3761,Normal
1447,45.0,75.0,3489,Normal
1448,19.0,786.0,4602,Normal
1449,23.0,551.0,3935,Normal
1450,7.0,85.0,2120,Normal
1451,33.0,486.0,1049,Normal
1452,49.0,267.0,4198,Normal
1453,41.0,566.0,507,Normal
1454,16.0,150.0,906,Normal
1455,30.0,623.0,650,Normal
1456,24.0,219.0,1842,Normal
1457,17.0,379.0,2521,Normal
1458,6.0,97.0,4164,Normal
1459,18.0,375.0,1668,Normal
1460,23.0,647.0,679,Normal
1461,8.0,44.0,1552,Normal
1462,41.0,635.0,301,Normal
1463,25.0,241.0,2932,Normal
1464,20.0,858.0,3131,Normal
1465,22.0,435.0,1778,Normal
1466,39.0,102.0,4891,Normal
1467,21.0,305.0,2681,Normal
1468,42.0,212.0,2220,Normal
1469,4.0,75.0,47412,Anomaly
1470,35.0,805.0,1597,Normal
1471,42.0,693.0,1416,Normal
1472,22.0,981.0,3999,Normal
1473,25.0,275.0,3942,Normal
1474,20.0,460.0,1434,Normal
1475,11.0,273.0,2603,Normal
1476,0.0,66.0,31950,Anomaly
1477,5.0,17.0,45979,Anomaly
1478,50.0,886.0,524,Anomaly
1479,17.0,478.0,721,Normal
1480,29.0,368.0,4812,Normal
1481,11.0,510.0,952,Normal
1482,39.0,368.0,4734,Normal
1483,9.0,14.0,2188,Normal
1484,25.0,970.0,3392,Normal
1485,45.0,284.0,949,Normal
1486,8.0,39.0,3457,Normal
1487,13.0,125.0,1919,Normal
1488,13.0,619.0,4346,Normal
1489,31.0,207.0,2620,Normal
1490,42.0,83.0,4897,Normal
1491,36.0,633.0,2601,Normal
1492,0.0,21.0,38457,Anomaly
1493,15.0,64.0,956,Normal
1494,16.0,767.0,2602,Normal
1495,28.0,75.0,500,Normal
1496,46.0,53.0,2569,Normal
1497,34.0,366.0,2581,Normal
1498,9.0,15.0,2196,Normal
1499,13.0,479.0,4646,Normal
1500,29.0,726.0,302,Normal
1501,2.0,81.0,15060,Normal
1502,2.0,25.0,45265,Anomaly
1503,29.0,567.0,466,Normal
1504,26.0,819.0,4826,Normal
1505,19.0,636.0,1038,Normal
1506,33.0,829.0,226,Normal
1507,16.0,748.0,1085,Normal
1508,49.0,498.0,3756,Normal
1509,8.0,72.0,4645,Normal
1510,23.0,859.0,4409,Normal
1511,41.0,833.0,3604,Normal
1512,40.0,482.0,1655,Normal
1513,45.0,402.0,2847,Normal
1514,42.0,589.0,2934,Normal
1515,23.0,880.0,3340,Normal
1516,39.0,61.0,2057,Normal
1517,16.0,669.0,3067,Normal
1518,11.0,224.0,927,Normal
1519,11.0,845.0,1420,Normal
1520,4.0,44.0,3785,Normal
1521,16.0,415.0,1904,Normal
1522,6.0,7.0,835,Normal
1523,43.0,187.0,1030,Normal
1524,22.0,876.0,760,Normal
1525,19.0,79.0,2468,Normal
1526,37.0,678.0,4446,Normal
1527,14.0,530.0,3209,Normal
1528,41.0,319.0,4105,Normal
1529,28.0,427.0,2431,Normal
1530,49.0,161.0,4957,Anomaly
1531,29.0,516.0,3626,Normal
1532,19.0,168.0,926,Normal
1533,48.0,504.0,4643,Normal
1534,30.0,465.0,1275,Normal
1535,1.0,13.0,4097,Normal
1536,4.0,2.0,3238,Normal
1537,47.0,885.0,4096,Normal
1538,19.0,474.0,995,Normal
1539,5.0,62.0,26282,Anomaly
1540,33.0,703.0,2552,Normal
1541,37.0,155.0,398,Normal
1542,7.0,85.0,1732,Normal
1543,9.0,26.0,4605,Normal
1544,49.0,321.0,4470,Normal
1545,41.0,813.0,3962,Normal
1546,30.0,355.0,4637,Normal
1547,20.0,690.0,1497,Normal
1548,5.0,25.0,36478,Anomaly
1549,45.0,331.0,1349,Normal
1550,33.0,441.0,3052,Normal
1551,35.0,338.0,2231,Normal
1552,20.0,701.0,3754,Normal
1553,18.0,411.0,2222,Normal
1554,33.0,970.0,1735,Normal
1555,24.0,120.0,1162,Normal
1556,36.0,187.0,4754,Normal
1557,41.0,927.0,2230,Normal
1558,24.0,564.0,1869,Normal
1559,7.0,71.0,1981,Normal
1560,34.0,239.0,4025,Normal
1561,2.0,99.0,46826,Anomaly
1562,21.0,307.0,4686,Normal
1563,43.0,236.0,888,Normal
1564,40.0,511.0,356,Normal
1565,1.0,59.0,16381,Normal
1566,18.0,638.0,204,Normal
1567,19.0,537.0,4660,Normal
1568,14.0,836.0,4662,Normal
1569,29.0,743.0,1809,Normal
1570,49.0,371.0,1498,Normal
1571,34.0,90.0,4877,Normal
1572,5.0,36.0,37474,Anomaly
1573,0.0,26.0,44275,Anomaly
1574,18.0,91.0,2864,Normal
1575,6.0,40.0,540,Normal
1576,7.0,48.0,2629,Normal
1577,19.0,467.0,1176,Normal
1578,30.0,831.0,2502,Normal
1579,33.0,164.0,4877,Normal
1580,45.0,936.0,2568,Normal
1581,8.0,29.0,379,Normal
1582,21.0,379.0,568,Normal
1583,42.0,786.0,1851,Normal
1584,35.0,194.0,427,Normal
1585,2.0,96.0,44883,Anomaly
1586,50.0,170.0,1981,Normal
1587,20.0,128.0,4937,Normal
1588,47.0,744.0,3496,Normal
1589,24.0,850.0,4863,Normal
1590,26.0,607.0,1536,Normal
1591,8.0,45.0,4716,Normal
1592,30.0,644.0,4272,Normal
1593,46.0,107.0,3609,Normal
1594,44.0,887.0,4488,Normal
1595,6.0,93.0,2423,Normal
1596,28.0,503.0,4789,Normal
1597,6.0,9.0,4266,Normal
1598,37.0,571.0,2646,Normal
1599,1.0,84.0,15915,Normal
1600,27.0,424.0,4706,Normal
1601,46.0,404.0,4065,Normal
1602,35.0,329.0,2725,Normal
1603,21.0,751.0,3769,Normal
1604,19.0,269.0,3854,Normal
1605,25.0,894.0,3600,Normal
1606,42.0,520.0,3678,Normal
1607,36.0,865.0,3723,Normal
1608,43.0,518.0,273,Normal
1609,31.0,161.0,4524,Normal
1610,37.0,328.0,1533,Normal
1611,19.0,410.0,1014,Normal
1612,23.0,735.0,774,Normal
1613,18.0,539.0,4007,Normal
1614,5.0,46.0,12920,Normal
1615,8.0,96.0,3644,Normal
1616,33.0,419.0,1267,Normal
1617,34.0,578.0,454,Normal
1618,1.0,56.0,12163,Normal
1619,7.0,48.0,4426,Normal
1620,40.0,151.0,2457,Normal
1621,34.0,894.0,3328,Normal
1622,35.0,394.0,1994,Normal
1623,37.0,877.0,4821,Normal
1624,39.0,249.0,4568,Normal
1625,14.0,459.0,355,Normal
1626,41.0,837.0,4069,Normal
1627,39.0,726.0,2036,Normal
1628,24.0,597.0,4626,Normal
1629,45.0,395.0,3713,Normal
1630,22.0,459.0,1203,Normal
1631,9.0,6.0,1871,Normal
1632,41.0,904.0,3805,Normal
1633,19.0,841.0,646,Normal
1634,17.0,167.0,1403,Normal
1635,47.0,228.0,1409,Normal
1636,5.0,49.0,20344,Anomaly
1637,22.0,847.0,1839,Normal
1638,8.0,68.0,1005,Normal
1639,16.0,78.0,1494,Normal
1640,48.0,125.0,4241,Normal
1641,40.0,275.0,1006,Normal
1642,21.0,768.0,4688,Normal
1643,45.0,499.0,2859,Normal
1644,47.0,64.0,2128,Normal
1645,33.0,970.0,910,Normal
1646,45.0,516.0,654,Normal
1647,32.0,800.0,681,Normal
1648,19.0,756.0,3415,Normal
1649,15.0,688.0,3923,Normal
1650,47.0,280.0,2633,Normal
1651,43.0,580.0,4222,Normal
1652,0.0,42.0,24600,Anomaly
1653,29.0,610.0,3199,Normal
1654,17.0,484.0,4926,Normal
1655,19.0,369.0,3759,Normal
1656,21.0,79.0,547,Normal
1657,27.0,284.0,1024,Normal
1658,12.0,555.0,337,Normal
1659,22.0,714.0,4041,Normal
1660,31.0,517.0,2755,Normal
1661,8.0,73.0,706,Normal
1662,35.0,170.0,3317,Normal
1663,0.0,88.0,24796,Anomaly
1664,50.0,719.0,2944,Normal
1665,6.0,52.0,2764,Normal
1666,10.0,13.0,2900,Normal
1667,49.0,155.0,4825,Normal
1668,8.0,77.0,2842,Normal
1669,1.0,75.0,18485,Anomaly
1670,31.0,311.0,4496,Normal
1671,27.0,85.0,3376,Normal
1672,28.0,155.0,3595,Normal
1673,18.0,423.0,1214,Normal
1674,8.0,7.0,4477,Normal
1675,46.0,819.0,4859,Normal
1676,30.0,533.0,2743,Normal
1677,33.0,523.0,4171,Normal
1678,45.0,797.0,298,Anomaly
1679,31.0,508.0,3984,Normal
1680,48.0,729.0,1407,Normal
1681,36.0,600.0,1763,Normal
1682,6.0,75.0,1703,Normal
1683,22.0,180.0,1830,Normal
1684,16.0,618.0,2721,Normal
1685,32.0,647.0,4928,Normal
1686,6.0,37.0,3606,Normal
1687,6.0,55.0,1193,Normal
1688,45.0,528.0,2287,Normal
1689,18.0,779.0,1454,Normal
1690,16.0,167.0,3608,Normal
1691,11.0,772.0,3947,Normal
1692,33.0,863.0,834,Normal
1693,25.0,306.0,2138,Normal
1694,32.0,627.0,3222,Normal
1695,37.0,854.0,2200,Normal
1696,30.0,849.0,2871,Normal
1697,8.0,4.0,4160,Normal
1698,10.0,87.0,1733,Normal
1699,38.0,208.0,2200,Normal
1700,30.0,424.0,4465,Normal
1701,10.0,84.0,2636,Normal
1702,2.0,13.0,15953,Anomaly
1703,31.0,993.0,3004,Normal
1704,14.0,609.0,3154,Normal
1705,16.0,295.0,741,Normal
1706,11.0,282.0,4572,Normal
1707,43.0,958.0,2661,Normal
1708,22.0,53.0,1888,Normal
1709,7.0,69.0,831,Normal
1710,31.0,874.0,587,Normal
1711,18.0,845.0,4762,Normal
1712,14.0,567.0,4210,Normal
1713,37.0,300.0,1984,Normal
1714,34.0,116.0,1657,Normal
1715,3.0,45.0,28208,Anomaly
1716,22.0,753.0,4309,Normal
1717,24.0,825.0,1711,Normal
1718,6.0,64.0,1356,Normal
1719,43.0,903.0,722,Normal
1720,47.0,560.0,1232,Normal
1721,4.0,36.0,19874,Normal
1722,11.0,873.0,2210,Normal
1723,12.0,438.0,3959,Normal
1724,26.0,201.0,1164,Normal
1725,8.0,86.0,4899,Normal
1726,45.0,673.0,3102,Normal
1727,14.0,892.0,2001,Normal
1728,31.0,739.0,2524,Normal
1729,40.0,357.0,1034,Normal
1730,19.0,105.0,1667,Normal
1731,28.0,922.0,2672,Normal
1732,44.0,893.0,3935,Normal
1733,28.0,106.0,2153,Normal
1734,4.0,59.0,8685,Normal
1735,50.0,510.0,3677,Normal
1736,36.0,936.0,626,Normal
1737,26.0,734.0,404,Normal
1738,39.0,969.0,4208,Normal
1739,24.0,677.0,4399,Normal
1740,42.0,504.0,4469,Normal
1741,3.0,1.0,34395,Anomaly
1742,41.0,305.0,2786,Normal
1743,34.0,804.0,261,Normal
1744,4.0,6.0,5481,Normal
1745,40.0,642.0,1456,Normal
1746,39.0,787.0,201,Normal
1747,40.0,231.0,3836,Normal
1748,20.0,747.0,1442,Normal
1749,49.0,357.0,2559,Normal
1750,10.0,26.0,2401,Normal
1751,1.0,10.0,23745,Anomaly
1752,21.0,946.0,730,Normal
1753,14.0,797.0,4591,Normal
1754,15.0,841.0,289,Anomaly
1755,17.0,950.0,861,Normal
1756,14.0,945.0,4975,Anomaly
1757,6.0,45.0,4845,Normal
1758,28.0,834.0,1840,Normal
1759,0.0,92.0,32265,Anomaly
1760,42.0,171.0,3460,Normal
1761,12.0,857.0,3559,Normal
1762,29.0,932.0,3427,Normal
1763,19.0,87.0,521,Normal
1764,13.0,733.0,2610,Normal
1765,25.0,462.0,2405,Normal
1766,36.0,955.0,3979,Normal
1767,6.0,32.0,1896,Normal
1768,10.0,51.0,3330,Normal
1769,20.0,298.0,3658,Normal
1770,47.0,449.0,2993,Normal
1771,34.0,172.0,4785,Normal
1772,30.0,424.0,706,Normal
1773,41.0,326.0,2168,Normal
1774,25.0,631.0,3288,Normal
1775,33.0,276.0,1602,Normal
1776,9.0,79.0,2801,Normal
1777,31.0,915.0,2832,Normal
1778,30.0,367.0,1900,Normal
1779,21.0,892.0,4942,Normal
1780,11.0,173.0,2013,Normal
1781,23.0,201.0,3759,Normal
1782,27.0,355.0,3917,Normal
1783,30.0,123.0,1416,Normal
1784,6.0,9.0,4559,Normal
1785,28.0,678.0,660,Normal
1786,23.0,831.0,4013,Normal
1787,1.0,87.0,38966,Anomaly
1788,17.0,269.0,2298,Normal
1789,26.0,627.0,2167,Normal
1790,19.0,657.0,4180,Normal
1791,32.0,816.0,1558,Normal
1792,4.0,39.0,10049,Normal
1793,25.0,337.0,594,Normal
1794,15.0,632.0,3194,Normal
1795,8.0,79.0,2968,Normal
1796,34.0,342.0,3611,Normal
1797,37.0,659.0,396,Normal
1798,42.0,324.0,2994,Normal
1799,28.0,558.0,907,Normal
1800,39.0,452.0,2933,Normal
1801,3.0,60.0,7244,Normal
1802,23.0,352.0,2106,Normal
1803,31.0,572.0,3604,Normal
1804,13.0,300.0,4617,Normal
1805,34.0,331.0,4069,Normal
1806,11.0,938.0,3372,Normal
1807,0.0,6.0,44107,Anomaly
1808,8.0,26.0,4315,Normal
1809,16.0,459.0,3859,Normal
1810,18.0,751.0,2883,Normal
1811,37.0,479.0,4868,Normal
1812,30.0,312.0,1613,Normal
1813,19.0,901.0,4749,Normal
1814,30.0,867.0,3693,Normal
1815,14.0,68.0,1958,Normal
1816,46.0,832.0,1854,Normal
1817,36.0,295.0,4454,Normal
1818,34.0,560.0,4175,Normal
1819,35.0,518.0,1161,Normal
1820,37.0,266.0,1455,Normal
1821,11.0,350.0,3159,Normal
1822,4.0,4.0,22148,Anomaly
1823,30.0,564.0,1150,Normal
1824,1.0,92.0,10114,Anomaly
1825,29.0,387.0,2408,Normal
1826,2.0,93.0,18525,Anomaly
1827,46.0,724.0,1555,Normal
1828,24.0,307.0,800,Normal
1829,44.0,890.0,4661,Normal
1830,18.0,454.0,3537,Normal
1831,11.0,624.0,1441,Normal
1832,19.0,557.0,4176,Normal
1833,17.0,579.0,2450,Normal
1834,20.0,246.0,1908,Normal
1835,5.0,87.0,13310,Normal
1836,29.0,490.0,2494,Normal
1837,28.0,732.0,2152,Normal
1838,29.0,311.0,953,Normal
1839,13.0,486.0,3922,Normal
1840,50.0,663.0,2144,Normal
1841,32.0,516.0,2302,Normal
1842,33.0,398.0,743,Normal
1843,46.0,93.0,1569,Normal
1844,6.0,69.0,1922,Normal
1845,1.0,65.0,10957,Normal
1846,2.0,5.0,41664,Anomaly
1847,45.0,824.0,4033,Normal
1848,50.0,616.0,1243,Normal
1849,2.0,50.0,3007,Normal
1850,3.0,0.0,31644,Anomaly
1851,9.0,90.0,3679,Normal
1852,45.0,286.0,2132,Normal
1853,36.0,55.0,3981,Normal
1854,4.0,12.0,15662,Normal
1855,25.0,684.0,1833,Normal
1856,1.0,84.0,34445,Anomaly
1857,44.0,758.0,2991,Normal
1858,32.0,365.0,1415,Normal
1859,17.0,615.0,2353,Normal
1860,36.0,928.0,2563,Normal
1861,20.0,993.0,4930,Anomaly
1862,22.0,261.0,291,Normal
1863,3.0,97.0,32253,Anomaly
1864,23.0,764.0,2003,Normal
1865,17.0,255.0,2048,Normal
1866,5.0,1.0,6523,Normal
1867,7.0,81.0,1195,Normal
1868,15.0,332.0,3386,Normal
1869,3.0,30.0,27561,Anomaly
1870,0.0,49.0,26958,Anomaly
1871,28.0,518.0,1498,Normal
1872,11.0,603.0,427,Normal
1873,24.0,613.0,2058,Normal
1874,47.0,136.0,851,Normal
1875,6.0,15.0,3872,Normal
1876,25.0,682.0,1477,Normal
1877,31.0,323.0,3172,Normal
1878,13.0,597.0,3362,Normal
1879,8.0,64.0,670,Normal
1880,31.0,905.0,3773,Normal
1881,47.0,251.0,2365,Normal
1882,43.0,294.0,4955,Normal
1883,22.0,73.0,4715,Normal
1884,19.0,917.0,3258,Normal
1885,12.0,856.0,4428,Normal
1886,20.0,93.0,313,Normal
1887,47.0,964.0,1374,Anomaly
1888,19.0,111.0,2173,Normal
1889,37.0,619.0,1173,Normal
1890,46.0,241.0,1681,Normal
1891,31.0,717.0,4539,Normal
1892,34.0,84.0,3988,Normal
1893,46.0,783.0,600,Normal
1894,40.0,136.0,2136,Normal
1895,41.0,763.0,3100,Normal
1896,29.0,586.0,3094,Normal
1897,8.0,28.0,2186,Normal
1898,27.0,856.0,4537,Normal
1899,42.0,185.0,1726,Normal
1900,9.0,30.0,4373,Normal
1901,32.0,319.0,1769,Normal
1902,43.0,391.0,4000,Normal
1903,19.0,898.0,2999,Normal
1904,11.0,303.0,1107,Normal
1905,35.0,885.0,1271,Normal
1906,23.0,656.0,4650,Normal
1907,27.0,925.0,1058,Normal
1908,9.0,19.0,2061,Normal
1909,33.0,959.0,2017,Normal
1910,44.0,302.0,1176,Normal
1911,30.0,827.0,490,Normal
1912,48.0,920.0,1037,Anomaly
1913,31.0,662.0,3702,Normal
1914,39.0,273.0,936,Normal
1915,23.0,161.0,2356,Normal
1916,9.0,58.0,2486,Normal
1917,5.0,29.0,36725,Anomaly
1918,37.0,291.0,2820,Normal
1919,18.0,402.0,3957,Normal
1920,34.0,457.0,289,Normal
1921,23.0,51.0,3745,Normal
1922,37.0,309.0,4189,Normal
1923,19.0,253.0,4198,Normal
1924,25.0,838.0,3445,Normal
1925,19.0,625.0,1601,Normal
1926,31.0,769.0,801,Normal
1927,2.0,78.0,33692,Anomaly
1928,21.0,828.0,592,Normal
1929,41.0,747.0,3571,Normal
1930,35.0,85.0,4019,Normal
1931,22.0,277.0,1592,Normal
1932,14.0,847.0,252,Anomaly
1933,7.0,2.0,4541,Normal
1934,31.0,877.0,3086,Normal
1935,42.0,156.0,3754,Normal
1936,37.0,814.0,561,Normal
1937,2.0,84.0,7690,Normal
1938,10.0,19.0,3966,Normal
1939,21.0,755.0,864,Normal
1940,12.0,98.0,1877,Normal
1941,20.0,765.0,404,Normal
1942,27.0,996.0,2403,Normal
1943,36.0,975.0,3452,Normal
1944,4.0,42.0,32762,Anomaly
1945,20.0,258.0,431,Normal
1946,39.0,983.0,893,Normal
1947,30.0,381.0,4228,Normal
1948,2.0,3.0,16067,Anomaly
1949,19.0,868.0,2164,Normal
1950,0.0,95.0,16324,Anomaly
1951,28.0,226.0,1020,Normal
1952,25.0,239.0,2530,Normal
1953,22.0,828.0,969,Normal
1954,6.0,40.0,1993,Normal
1955,7.0,95.0,4113,Normal
1956,4.0,22.0,10845,Normal
1957,2.0,31.0,15904,Normal
1958,19.0,313.0,3124,Normal
1959,29.0,798.0,3072,Normal
1960,6.0,76.0,2835,Normal
1961,22.0,706.0,4851,Normal
1962,18.0,466.0,1109,Normal
1963,39.0,816.0,4522,Normal
1964,18.0,867.0,4016,Normal
1965,27.0,966.0,4710,Normal
1966,24.0,850.0,2821,Normal
1967,46.0,656.0,3624,Normal
1968,33.0,811.0,1827,Normal
1969,29.0,257.0,4606,Normal
1970,17.0,322.0,512,Normal
1971,28.0,146.0,1466,Normal
1972,15.0,218.0,4329,Normal
1973,36.0,744.0,713,Normal
1974,8.0,83.0,1505,Normal
1975,23.0,389.0,1786,Normal
1976,24.0,937.0,1676,Normal
1977,48.0,568.0,1280,Normal
1978,40.0,101.0,2224,Normal
1979,1.0,73.0,45734,Anomaly
1980,2.0,43.0,39494,Anomaly
1981,35.0,223.0,4328,Normal
1982,46.0,775.0,3489,Normal
1983,48.0,501.0,1305,Normal
1984,16.0,795.0,4027,Normal
1985,24.0,777.0,905,Normal
1986,35.0,564.0,4641,Normal
1987,35.0,359.0,756,Normal
1988,24.0,380.0,3821,Normal
1989,10.0,23.0,770,Normal
1990,8.0,31.0,2104,Normal
1991,46.0,961.0,3808,Normal
1992,34.0,327.0,880,Normal
1993,41.0,584.0,3634,Normal
1994,10.0,98.0,2935,Normal
1995,38.0,938.0,1865,Normal
1996,43.0,61.0,1327,Normal
1997,47.0,761.0,1936,Normal
1998,6.0,73.0,3436,Normal
1999,9.0,54.0,4039,Normal
